Vorname,Nachname,Geburtsdatum,Straße,Hausnummer,Postleitzahl,Stadt,Telefon,Mobil,EMail
Bernt,Weißhaar,04.02.1954,Auf Wissen Woog,81,91438,Bad Windsheim,09841/11313959,0166/6455048,bernt_1954@open-mail.none
Wernhild,Bachem,28.10.2016,Agnes-Bernauer-Straße,169,57635,Ersfeld,02686/12494237,,w.bachem@trashmail.none
Justin,Göllner,18.05.1985,Kornhahnstraße,51,35644,Hohenahr,,,justingoellner@company.none
Siegfrid,Rettinger,04.04.1951,Im Buschfeld,96,57632,Reiferscheid,02685/82687360,,
Blasius,Reuss,20.07.1984,Flurweg,29,72585,Riederich,07123/72238850,0160/9115886,blasiusreuss@net-mail.none
Beat,Kellermann,,Fallerwasen,26,25572,Büttel,04823/95526755,0172/4024369,
August,Döbler,,Dümpelacker,24,38820,Halberstadt,03941/49051370,,a_doebler@funmail.none
Jolanthe,Graap,29.08.1983,Breitscheider Straße,147,91793,Alesheim,09146/53577235,,
Sabinchen,Fock,,Im Stillen Winkel,104,53115,Bonn,0228/21034548,0163/8284469,
Zacharias,Todd,,Kronenweg,122,64653,Lorsch,06251/83877898,0173/7988510,z-todd@email.none
Gottlob,Leib,,Schöneberger Straße,70,25785,Sarzbüttel,,0157/5427146,gottlob.leib@inter-mail.none
Svea,Sievers,,Am Bongert,92,26434,Wangerland,04463/48663711,0165/1279120,
Irmingard,Marciniak,,Wallbachstraße,138,88147,Achberg,08380/87498461,0178/3563157,
Patricia,Ubben,,Johannespesch,115,56826,Lutzerath,,0156/8524592,p_ubben@web.none
Alice,Poerschke,,Gubener Straße,157,17111,Kentzlin,,,a.poerschke@retromail.none
Otmar,Schaich,17.04.1976,Jakobsberger Weg,54,33758,Schloß Holte-Stukenbrock,05207/47075471,0159/4789180,otmar_76@funmail.none
Magda,Moore,,Am Glaskopf,45,97346,Iphofen,09323/8051183,0164/4157372,
Klaas,Dittmann,,In der Bitze,183,49584,Fürstenau,05901/76604868,0157/8782710,klaas_dittmann@web.none
Gottfrieda,Malchow,,Kardinal-von-Galen-Straße,106,74599,Wallhausen,,0165/7718576,gottfrieda-malchow@private.none
Hannmeike,Kessler,20.03.1973,Ludwig-Richter-Straße,166,93480,Hohenwarth,09946/34192320,,hannmeike_kessler@hoster.none
Konradin,Noske,03.09.1956,Strippchens Hof,165,55608,Bergen,06752/88848459,,
Svea,Balthasar,,Bergiusstraße,72,93477,Gleißenberg,09975/23884877,0154/7826166,sveabalthasar@bestmail.none
Ullrich,Häfner,,Fürstengrund,145,56729,Nitz,02692/765566,0151/6285777,ullrich-88@bestmail.none
Chiara,Will,,Kreuzgartenweg,187,48361,Beelen,02586/38554046,,chiara2017@hoster.none
Annemargret,Aue,,Lämmerstraße,158,33803,Steinhagen,05204/66098841,0176/6331254,a.52@spam-mail.none
Eginald,Frommer,,Jägerpfad,158,34379,Calden,05674/32996742,0165/4048379,e.1974@spam-mail.none
Karolina,Schmeling,,Pfarrstraße,42,54675,Sinspelt,06564/14594110,0157/2732065,karolina_2006@goggle-mail.none
Christhart,Stütz,,Lotharstraße,24,54413,Damflos,,0164/3095100,c-stuetz@spam-mail.none
Steve,Balke,,Langendorfer Straße,59,36318,Schwalmtal,06638/78784833,0177/3077904,
Friedburg,Junghans,,Littardweg,157,86845,Reinhartshofen,08203/87286095,,friedburgjunghans@company.none
Diethelm,Schirm,,Rurdorfer Straße,50,56427,Siershahn,,0151/4229628,diethelm-schirm@validmail.none
Sturmius,Jürges,,Baumertstraße,175,56357,Oberwallmenach,06772/50605172,0169/4963336,sturmiusjuerges@goggle-mail.none
Fabienne,Mews,,Mendelssohnweg,144,67246,Dirmstein,06238/97053670,0172/5859803,
Gert,Renken,,Hoorweiherstraße,85,56746,Spessart,02636/90619903,0152/5042897,gert76@live-mail.none
Diethmar,Traub,,Lübecker Weg,38,23919,Berkenthin,,,diethmar_traub@private.none
Gerlach,Höfner,,Am Schorrberg,160,94557,Niederalteich,09901/66201340,0157/3097558,g-hoefner@private.none
Otmar,Brandenburg,,Im Erlengrund,77,25885,Immenstedt,04835/32057751,0176/4880133,otmarbrandenburg@trashmail.none
Kord,Stöhr,,Philipp-Reis-Straße,195,49838,Langen,05904/36450357,0170/8459412,kord-1956@trashmail.none
Aribert,Dichtl,05.11.2004,Hannoversche Straße,85,24598,Latendorf,04328/29482363,0153/1584566,aribert-dichtl@quickmail.none
Lotti,Klemke,,Im Bungert,170,55481,Metzenhausen,,,lotti.1954@retromail.none
Mirjam,Schmieder,01.11.1971,Spreewaldstraße,60,34119,Kassel,0561/83098925,,mirjam.71@ultramail.none
Wilderich,Abend,12.09.1977,Mühlenend,71,59969,Bromskirchen,02984/26261430,0166/5060425,
Adalbert,Brommer,,Fritzlarer Straße,36,74074,Heilbronn,07131/41806653,0175/2956689,
Dietwald,Metze,,Nordbahnstraße,70,57520,Grünebach,02741/26026640,0164/2362710,dietwald_metze@xyz.none
Titus,Stiefel,,Am Kirschbaum,25,55626,Bundenbach,06544/29989626,0177/4859620,
Ludger,Trautmann,,Speichstraße,109,55758,Weiden,06785/49552821,,ludger69@kitty.none
Willrich,Gibson,,Ebbetalstraße,158,25704,Nindorf,04832/91788361,0161/5227701,
Tino,Brauns,31.03.1949,Wendelsgasse,134,87679,Westendorf,08344/12570842,0157/1966886,tinobrauns@open-mail.none
Jannine,Zetzsche,,Müssingen,95,66663,Merzig,,0162/8714731,j.zetzsche@ultramail.none
Benedict,Ohlendorf,02.07.1941,Badenstedter Straße,123c,54552,Katzwinkel,02692/69927874,0167/9676827,benedict-ohlendorf@kitty.none
Burgunda,Bull,23.10.1988,Königsfelder Allee,107,57539,Bitzen,,0168/9324824,
Robin,Schöller,,Löhrstraße,125,55444,Dörrebach,06724/87862530,0164/5387954,rschoeller@quickmail.none
Dietger,Hunt,24.08.1949,Plenterweg,30,91350,Gremsdorf,09193/80655753,0164/1380935,dietger-49@net-mail.none
Ela,Sigl,16.03.2008,Harffstraße,59,99880,Fröttstädt,03622/62943696,,ela-sigl@trashmail.none
Myrjam,Ketterer,,Tutweg,71,24813,Schülp,04331/7877807,,m.ketterer@open-mail.none
Aaron,Hackstein,,Dürener Straße,88,37434,Bilshausen,05528/4254427,0169/2899908,
Ekhardt,Mühlbacher,08.12.1982,Rengsdorfer Straße,146,96170,Lisberg,09549/75010330,0155/7253437,ekhardt.muehlbacher@validmail.none
Falkhard,Hüning,07.06.2001,Hartstraße,77,21775,Ihlienworth,04755/43940322,0171/3522877,falkhard_huening@kitty.none
Gretlies,Dickert,25.03.1971,Sudfeldstraße,153,90402,Nürnberg,,,gretlies.dickert@ultramail.none
Guntram,Gorges,10.12.1984,Nollstraße,144,95234,Sparneck,09251/11160861,0164/2090540,g_84@live-mail.none
Jessika,Kastl,,Zum Rödchen,174c,60439,Frankfurt am Main,069/59921644,0159/1150679,jessikakastl@anymail.none
Gerhart,Thümmler,,Hoerstgener Weg,191,56288,Spesenroth,,,gerhart-1961@funmail.none
Cäcilia,Trettin,,Zum Mühlenberg,118,06130,Halle,0345/31333273,0165/9611126,
Heidegard,Mason,,Wersche,188,24159,Kiel,0431/44117412,0155/8898159,heidegard-mason@validmail.none
Steffen,Thompson,,Mispelweg,162,45884,Gelsenkirchen,0209/7112397,0154/6321779,s-thompson@ultramail.none
Jason,Rubner,,Koriolanstraße,175,89299,Unterroth,07343/28650863,0159/5732428,jason.1981@web.none
Heimfrid,Kuttler,,Spreewaldstraße,93 a,21261,Welle,04188/65110897,0157/7562105,heimfrid.kuttler@private.none
Konstanze,Stumm,20.12.1956,Ermländer Weg,141b,52393,Hürtgenwald,,,
Benedikt,Gaiser,,Honnefer Straße,117,37412,Elbingerode,05584/61937700,0162/1215351,benedikt_gaiser@bestmail.none
Gustav,Röse,,Albert-Koch-Straße,99,67271,Battenberg,,0151/1513657,
Gunter,Irmscher,,Schürkamp,151a,82266,Inning am Ammersee,08143/69744531,,gunter-1965@quickmail.none
Burghard,Stoiber,,Klottengasse,75a,73655,Alfdorf,07172/21061271,0167/7260427,
Henri,Karst,,Nobelstraße,44,55413,Oberdiebach,06721/86753572,0159/7959176,
Rosegret,Wenke,,Frankestraße,75,78199,Bräunlingen,07707/72532709,,r_wenke@web.none
Rütger,Schander,,Mainstraße,55,79348,Freiamt,07645/27423579,0153/5756902,r09@trashmail.none
Pankratius,Limbach,04.09.1994,Roßstraße,130,89171,Illerkirchberg,07346/99550260,,p_limbach@private.none
Loremarie,Pöhler,26.02.1956,Gocher Landstraße,130,14478,Potsdam,0331/27963218,0174/8332956,l_poehler@quickmail.none
Iris,Thurn,16.07.1972,Hardtplätzchen,33,78266,Büsingen am Hochrhein,07734/34472175,0167/8256290,i-thurn@spam-mail.none
Joschua,Rosenau,,Schöneberger Straße,115,68307,Mannheim,0621/76258813,0155/2836793,j.48@company.none
Laurenz,Hedemann,,Untermarkstraße,106,93197,Zeitlarn,,,l_hedemann@goggle-mail.none
Annelie,Lanfermann,,Ortenaustraße,118,66851,Oberarnbach,,0153/2718384,
Gerheide,Kemmerling,06.11.1994,Görresstraße,146,54619,Großkampenberg,,0162/5097421,gerheide-kemmerling@company.none
Kunibert,Löb,08.08.2010,Schütteloher Weg,168,34508,Willingen,,0171/6947102,kunibert_loeb@private.none
Timo,Ahlf,,Mühlenbrey,51,87719,Mindelheim,08261/89523231,0154/8983649,t_ahlf@net-mail.none
Ulfried,Schmuck,,Leybergweg,103 a,53343,Wachtberg,0228/12405302,0161/6544186,ulfried95@web.none
Winand,Breuninger,07.01.1971,Schiffweilerstraße,167,59909,Bestwig,02904/92272144,0150/4934237,winandbreuninger@email.none
Stephanie,Rübsam,,Heller Weg,164,63619,Bad Orb,06052/65961930,,s.ruebsam@inter-mail.none
Hannegret,Monsees,12.10.1959,Wortkamp,64,55595,Dalberg,,0172/5468944,hannegret-monsees@xyz.none
Wilfriede,Bruder,,Reichenhaller Straße,144,88048,Friedrichshafen,,0155/2967573,wilfriede.bruder@kitty.none
Cläre,Kratzsch,,Goldregenweg,66,72582,Grabenstetten,07382/91691169,,claere_kratzsch@quickmail.none
Curt,Sauerbier,,Bundesallee,169,75249,Kieselbronn,07231/17560644,0172/4500816,curt-sauerbier@net-mail.none
Teresa,Steinbacher,,Hinter den Gärten,81,56332,Brodenbach,02607/24901270,0164/2675346,
Ramona,Streubel,,Alter Schulweg,43,56370,Allendorf,06486/45787711,,rstreubel@kitty.none
Colin,Böse,,Staufenstraße,139,47877,Willich,02156/12542058,0179/8177965,
Arend,Buhl,,Aremberger Straße,50,56254,Moselkern,02672/41460776,0155/1965365,arendbuhl@mymail.none
Burglinde,Kormann,,Auf dem Scheid,157,97896,Freudenberg,09375/52761212,,b_kormann@funmail.none
Auguste,Jehle,,Lorenbeckstraße,83,67454,Haßloch,06324/55766931,,auguste-jehle@justmail.none
Jona,Wippich,,Bachgasse,127,24398,Karby,04644/9919968,,
Sonnhild,Potthoff,,Zur Knautheiche,66,25938,Alkersum,04681/90291305,0179/8950704,sonnhild_potthoff@open-mail.none
Erik,Happel,,Hahnstraße,32,73066,Uhingen,07161/77541154,,e_happel@hoster.none
